Progress%,Total Sold,Total%,Categories
0.42000000 ,220 ,1 ,Lavendar
0.44000000 ,160 ,1 ,Melon
0.32000000 ,120 ,1 ,Peach
0.40000000 ,300 ,1 ,Vanilla
