ST%,Total Sold,Total%,Flavor
0.4230769230769231,220,1,Lavendar
0.4444444444444444,160,1,Melon
0.32432432432432434,120,1,Peach
0.4,300,1,Vanilla
